,0
0,https://www.timesjobs.com/job-detail/senior-machine-learning-engineer-capital-one-financial-services-client-4-to-7-yrs-jobid-zHhiDXwHX__PLUS__ZzpSvf__PLUS__uAgZw==&source=srp
1,https://www.timesjobs.com/job-detail/senior-machine-learning-engineer-capital-one-financial-services-client-4-to-7-yrs-jobid-zHhiDXwHX__PLUS__ZzpSvf__PLUS__uAgZw==&source=srp
2,"javascript:callExtJobApply('69063362','adId=zHhiDXwHX__PLUS__ZzpSvf__PLUS__uAgZw==&compName=Career Progress Consultants','TJPFSRP');"
3,https://www.timesjobs.com/job-detail/machine-learning-research-engineer-netradyne-3-to-6-yrs-jobid-RJGNOIzA9WBzpSvf__PLUS__uAgZw==&source=srp
4,https://www.timesjobs.com/job-detail/machine-learning-research-engineer-netradyne-3-to-6-yrs-jobid-RJGNOIzA9WBzpSvf__PLUS__uAgZw==&source=srp
5,"javascript:callExtJobApply('68801503','adId=RJGNOIzA9WBzpSvf__PLUS__uAgZw==&compName=Career Progress Consultants','TJPFSRP');"
6,https://www.timesjobs.com/job-detail/machine-learning-science-leader-careerxperts-consulting-bengaluru-bangalore-7-to-10-yrs-jobid-fZUVvLMp9l5zpSvf__PLUS__uAgZw==&source=srp
7,https://www.timesjobs.com/job-detail/machine-learning-science-leader-careerxperts-consulting-bengaluru-bangalore-7-to-10-yrs-jobid-fZUVvLMp9l5zpSvf__PLUS__uAgZw==&source=srp
8,"javascript:callExtJobApply('67409390','adId=fZUVvLMp9l5zpSvf__PLUS__uAgZw==&compName=Career Progress Consultants','TJPFSRP');"
9,https://www.timesjobs.com/job-detail/senior-machine-learning-engineer-capital-one-financial-services-client-4-to-7-yrs-jobid-5wsrGyR__PLUS__4s5zpSvf__PLUS__uAgZw==&source=srp
10,https://www.timesjobs.com/job-detail/senior-machine-learning-engineer-capital-one-financial-services-client-4-to-7-yrs-jobid-5wsrGyR__PLUS__4s5zpSvf__PLUS__uAgZw==&source=srp
11,"javascript:callExtJobApply('69128444','adId=5wsrGyR__PLUS__4s5zpSvf__PLUS__uAgZw==&compName=Career Progress Consultants','TJPFSRP');"
12,https://www.timesjobs.com/job-detail/senior-machine-learning-engineer-capital-one-financial-services-client-4-to-7-yrs-jobid-9VX5RuckeJ9zpSvf__PLUS__uAgZw==&source=srp
13,https://www.timesjobs.com/job-detail/senior-machine-learning-engineer-capital-one-financial-services-client-4-to-7-yrs-jobid-9VX5RuckeJ9zpSvf__PLUS__uAgZw==&source=srp
14,"javascript:callExtJobApply('69053044','adId=9VX5RuckeJ9zpSvf__PLUS__uAgZw==&compName=Career Progress Consultants','TJPFSRP');"
15,https://www.timesjobs.com/job-detail/lead-machine-learning-engineer-capital-one-financial-services-client-6-to-9-yrs-jobid-MAToJ3oyZS9zpSvf__PLUS__uAgZw==&source=srp
16,https://www.timesjobs.com/job-detail/lead-machine-learning-engineer-capital-one-financial-services-client-6-to-9-yrs-jobid-MAToJ3oyZS9zpSvf__PLUS__uAgZw==&source=srp
17,"javascript:callExtJobApply('69128458','adId=MAToJ3oyZS9zpSvf__PLUS__uAgZw==&compName=Career Progress Consultants','TJPFSRP');"
18,https://www.timesjobs.com/job-detail/lead-machine-learning-engineer-capital-one-financial-services-client-6-to-9-yrs-jobid-1tNd1A5NLQdzpSvf__PLUS__uAgZw==&source=srp
19,https://www.timesjobs.com/job-detail/lead-machine-learning-engineer-capital-one-financial-services-client-6-to-9-yrs-jobid-1tNd1A5NLQdzpSvf__PLUS__uAgZw==&source=srp
20,"javascript:callExtJobApply('69128455','adId=1tNd1A5NLQdzpSvf__PLUS__uAgZw==&compName=Career Progress Consultants','TJPFSRP');"
21,https://www.timesjobs.com/job-detail/senior-machine-learning-engineer-citibank-india-pune-8-to-11-yrs-jobid-WHwJc1IE__SLASH__F5zpSvf__PLUS__uAgZw==&source=srp
22,https://www.timesjobs.com/job-detail/senior-machine-learning-engineer-citibank-india-pune-8-to-11-yrs-jobid-WHwJc1IE__SLASH__F5zpSvf__PLUS__uAgZw==&source=srp
23,"javascript:callExtJobApply('69131521','adId=WHwJc1IE__SLASH__F5zpSvf__PLUS__uAgZw==&compName=Career Progress Consultants','TJPFSRP');"
24,https://www.timesjobs.com/job-detail/data-engineer-machine-learning-boyen-haddin-consultants-llp-mumbai-0-to-3-yrs-jobid-lWos6FdMjABzpSvf__PLUS__uAgZw==&source=srp
25,https://www.timesjobs.com/job-detail/data-engineer-machine-learning-boyen-haddin-consultants-llp-mumbai-0-to-3-yrs-jobid-lWos6FdMjABzpSvf__PLUS__uAgZw==&source=srp
26,"javascript:callExtJobApply('65933557','adId=lWos6FdMjABzpSvf__PLUS__uAgZw==&compName=Career Progress Consultants','TJPFSRP');"
27,https://www.timesjobs.com/job-detail/machine-learning-engineer-armaco-chemical-processes-systems-pvt-ltd-jeddah-5-to-8-yrs-jobid-i7PBx3__PLUS__6CItzpSvf__PLUS__uAgZw==&source=srp
28,https://www.timesjobs.com/job-detail/machine-learning-engineer-armaco-chemical-processes-systems-pvt-ltd-jeddah-5-to-8-yrs-jobid-i7PBx3__PLUS__6CItzpSvf__PLUS__uAgZw==&source=srp
29,"javascript:callExtJobApply('68864847','adId=i7PBx3__PLUS__6CItzpSvf__PLUS__uAgZw==&compName=Career Progress Consultants','TJPFSRP');"
30,https://www.timesjobs.com/job-detail/machine-learning-engineer-jobslo-consultants-noida-greater-noida-0-to-1-yrs-jobid-hDFZk5Wx1H9zpSvf__PLUS__uAgZw==&source=srp
31,https://www.timesjobs.com/job-detail/machine-learning-engineer-jobslo-consultants-noida-greater-noida-0-to-1-yrs-jobid-hDFZk5Wx1H9zpSvf__PLUS__uAgZw==&source=srp
32,"javascript:callExtJobApply('65658066','adId=hDFZk5Wx1H9zpSvf__PLUS__uAgZw==&compName=Career Progress Consultants','TJPFSRP');"
33,https://www.timesjobs.com/job-detail/machine-learning-engineer-ideapoke-bengaluru-bangalore-2-to-5-yrs-jobid-Yf8yqU__SLASH__zYAJzpSvf__PLUS__uAgZw==&source=srp
34,https://www.timesjobs.com/job-detail/machine-learning-engineer-ideapoke-bengaluru-bangalore-2-to-5-yrs-jobid-Yf8yqU__SLASH__zYAJzpSvf__PLUS__uAgZw==&source=srp
35,"javascript:callExtJobApply('67122615','adId=Yf8yqU__SLASH__zYAJzpSvf__PLUS__uAgZw==&compName=Career Progress Consultants','TJPFSRP');"
36,https://www.timesjobs.com/job-detail/machine-learning-engineer-aitouch-llp-gurgaon-5-to-8-yrs-jobid-xMtHXIwS4wBzpSvf__PLUS__uAgZw==&source=srp
37,https://www.timesjobs.com/job-detail/machine-learning-engineer-aitouch-llp-gurgaon-5-to-8-yrs-jobid-xMtHXIwS4wBzpSvf__PLUS__uAgZw==&source=srp
38,"javascript:callExtJobApply('67766453','adId=xMtHXIwS4wBzpSvf__PLUS__uAgZw==&compName=Career Progress Consultants','TJPFSRP');"
39,https://www.timesjobs.com/job-detail/machine-learning-engineer-applycup-hiring-solutions-llp-gurgaon-delhi-delhi-ncr-5-to-8-yrs-jobid-8vJTI8EfbdFzpSvf__PLUS__uAgZw==&source=srp
40,https://www.timesjobs.com/job-detail/machine-learning-engineer-applycup-hiring-solutions-llp-gurgaon-delhi-delhi-ncr-5-to-8-yrs-jobid-8vJTI8EfbdFzpSvf__PLUS__uAgZw==&source=srp
41,"javascript:callExtJobApply('65600873','adId=8vJTI8EfbdFzpSvf__PLUS__uAgZw==&compName=Career Progress Consultants','TJPFSRP');"
42,https://www.timesjobs.com/job-detail/senior-machine-learning-engineer-capital-one-financial-services-client-4-to-7-yrs-jobid-dE4U1SaHSodzpSvf__PLUS__uAgZw==&source=srp
43,https://www.timesjobs.com/job-detail/senior-machine-learning-engineer-capital-one-financial-services-client-4-to-7-yrs-jobid-dE4U1SaHSodzpSvf__PLUS__uAgZw==&source=srp
44,"javascript:callExtJobApply('69114279','adId=dE4U1SaHSodzpSvf__PLUS__uAgZw==&compName=Career Progress Consultants','TJPFSRP');"
45,https://www.timesjobs.com/job-detail/senior-machine-learning-engineer-capital-one-financial-services-client-4-to-7-yrs-jobid-__SLASH__5uHk2an4TpzpSvf__PLUS__uAgZw==&source=srp
46,https://www.timesjobs.com/job-detail/senior-machine-learning-engineer-capital-one-financial-services-client-4-to-7-yrs-jobid-__SLASH__5uHk2an4TpzpSvf__PLUS__uAgZw==&source=srp
47,"javascript:callExtJobApply('69040450','adId=__SLASH__5uHk2an4TpzpSvf__PLUS__uAgZw==&compName=Career Progress Consultants','TJPFSRP');"
48,https://www.timesjobs.com/job-detail/machine-learning-engineer-linkites-infotech-pvt-ltd-indore-0-to-3-yrs-jobid-r0thHggw__SLASH__J9zpSvf__PLUS__uAgZw==&source=srp
49,https://www.timesjobs.com/job-detail/machine-learning-engineer-linkites-infotech-pvt-ltd-indore-0-to-3-yrs-jobid-r0thHggw__SLASH__J9zpSvf__PLUS__uAgZw==&source=srp
50,"javascript:callExtJobApply('68848474','adId=r0thHggw__SLASH__J9zpSvf__PLUS__uAgZw==&compName=Career Progress Consultants','TJPFSRP');"
51,https://www.timesjobs.com/job-detail/senior-engineer-machine-learning-harman-international-bengaluru-bangalore-4-to-7-yrs-jobid-efU1GknIHK1zpSvf__PLUS__uAgZw==&source=srp
52,https://www.timesjobs.com/job-detail/senior-engineer-machine-learning-harman-international-bengaluru-bangalore-4-to-7-yrs-jobid-efU1GknIHK1zpSvf__PLUS__uAgZw==&source=srp
53,"javascript:callExtJobApply('69083445','adId=efU1GknIHK1zpSvf__PLUS__uAgZw==&compName=Career Progress Consultants','TJPFSRP');"
54,https://www.timesjobs.com/job-detail/senior-machine-learning-engineer-harman-international-bengaluru-bangalore-4-to-7-yrs-jobid-mKljctgOssxzpSvf__PLUS__uAgZw==&source=srp
55,https://www.timesjobs.com/job-detail/senior-machine-learning-engineer-harman-international-bengaluru-bangalore-4-to-7-yrs-jobid-mKljctgOssxzpSvf__PLUS__uAgZw==&source=srp
56,"javascript:callExtJobApply('69083442','adId=mKljctgOssxzpSvf__PLUS__uAgZw==&compName=Career Progress Consultants','TJPFSRP');"
57,https://www.timesjobs.com/job-detail/manager-machine-learning-engineering-capital-one-financial-services-client-6-to-9-yrs-jobid-k8jKIrmSTIFzpSvf__PLUS__uAgZw==&source=srp
58,https://www.timesjobs.com/job-detail/manager-machine-learning-engineering-capital-one-financial-services-client-6-to-9-yrs-jobid-k8jKIrmSTIFzpSvf__PLUS__uAgZw==&source=srp
59,"javascript:callExtJobApply('69081463','adId=k8jKIrmSTIFzpSvf__PLUS__uAgZw==&compName=Career Progress Consultants','TJPFSRP');"
60,https://www.timesjobs.com/job-detail/senior-machine-learning-engineer-capital-one-financial-services-client-4-to-7-yrs-jobid-GPIv3JNBlARzpSvf__PLUS__uAgZw==&source=srp
61,https://www.timesjobs.com/job-detail/senior-machine-learning-engineer-capital-one-financial-services-client-4-to-7-yrs-jobid-GPIv3JNBlARzpSvf__PLUS__uAgZw==&source=srp
62,"javascript:callExtJobApply('69078790','adId=GPIv3JNBlARzpSvf__PLUS__uAgZw==&compName=Career Progress Consultants','TJPFSRP');"
63,https://www.timesjobs.com/job-detail/manager-machine-learning-engineering-capital-one-financial-services-client-6-to-9-yrs-jobid-r8m4f0EsciJzpSvf__PLUS__uAgZw==&source=srp
64,https://www.timesjobs.com/job-detail/manager-machine-learning-engineering-capital-one-financial-services-client-6-to-9-yrs-jobid-r8m4f0EsciJzpSvf__PLUS__uAgZw==&source=srp
65,"javascript:callExtJobApply('69020726','adId=r8m4f0EsciJzpSvf__PLUS__uAgZw==&compName=Career Progress Consultants','TJPFSRP');"
66,https://www.timesjobs.com/job-detail/lead-machine-learning-engineer-capital-one-financial-services-client-6-to-9-yrs-jobid-L4vhhRGQsYxzpSvf__PLUS__uAgZw==&source=srp
67,https://www.timesjobs.com/job-detail/lead-machine-learning-engineer-capital-one-financial-services-client-6-to-9-yrs-jobid-L4vhhRGQsYxzpSvf__PLUS__uAgZw==&source=srp
68,"javascript:callExtJobApply('69020719','adId=L4vhhRGQsYxzpSvf__PLUS__uAgZw==&compName=Career Progress Consultants','TJPFSRP');"
69,https://www.timesjobs.com/job-detail/senior-machine-learning-engineer-capital-one-financial-services-client-4-to-7-yrs-jobid-mXWSQjO0D4xzpSvf__PLUS__uAgZw==&source=srp
70,https://www.timesjobs.com/job-detail/senior-machine-learning-engineer-capital-one-financial-services-client-4-to-7-yrs-jobid-mXWSQjO0D4xzpSvf__PLUS__uAgZw==&source=srp
71,"javascript:callExtJobApply('69020724','adId=mXWSQjO0D4xzpSvf__PLUS__uAgZw==&compName=Career Progress Consultants','TJPFSRP');"
72,https://www.timesjobs.com/job-detail/lead-machine-learning-engineer-capital-one-financial-services-client-6-to-9-yrs-jobid-GsXV__SLASH__gF__PLUS__Z3hzpSvf__PLUS__uAgZw==&source=srp
73,https://www.timesjobs.com/job-detail/lead-machine-learning-engineer-capital-one-financial-services-client-6-to-9-yrs-jobid-GsXV__SLASH__gF__PLUS__Z3hzpSvf__PLUS__uAgZw==&source=srp
74,"javascript:callExtJobApply('68826848','adId=GsXV__SLASH__gF__PLUS__Z3hzpSvf__PLUS__uAgZw==&compName=Career Progress Consultants','TJPFSRP');"
