0,https://www.inmyarea.com/utilities?zipcode=00544
1,https://www.inmyarea.com/utilities?zipcode=01001
2,https://www.inmyarea.com/utilities?zipcode=01002
3,https://www.inmyarea.com/utilities?zipcode=01003
4,https://www.inmyarea.com/utilities?zipcode=01004
5,https://www.inmyarea.com/utilities?zipcode=01005
6,https://www.inmyarea.com/utilities?zipcode=01007
7,https://www.inmyarea.com/utilities?zipcode=01008
8,https://www.inmyarea.com/utilities?zipcode=01009
9,https://www.inmyarea.com/utilities?zipcode=01010
10,https://www.inmyarea.com/utilities?zipcode=01011
11,https://www.inmyarea.com/utilities?zipcode=01012
12,https://www.inmyarea.com/utilities?zipcode=01013
13,https://www.inmyarea.com/utilities?zipcode=01014
14,https://www.inmyarea.com/utilities?zipcode=01020
15,https://www.inmyarea.com/utilities?zipcode=01021
16,https://www.inmyarea.com/utilities?zipcode=01022
17,https://www.inmyarea.com/utilities?zipcode=01026
18,https://www.inmyarea.com/utilities?zipcode=01027
19,https://www.inmyarea.com/utilities?zipcode=01028
20,https://www.inmyarea.com/utilities?zipcode=01029
21,https://www.inmyarea.com/utilities?zipcode=01030
22,https://www.inmyarea.com/utilities?zipcode=01031
23,https://www.inmyarea.com/utilities?zipcode=01032
24,https://www.inmyarea.com/utilities?zipcode=01033
25,https://www.inmyarea.com/utilities?zipcode=01034
26,https://www.inmyarea.com/utilities?zipcode=01035
27,https://www.inmyarea.com/utilities?zipcode=01036
28,https://www.inmyarea.com/utilities?zipcode=01037
29,https://www.inmyarea.com/utilities?zipcode=01038
30,https://www.inmyarea.com/utilities?zipcode=01039
31,https://www.inmyarea.com/utilities?zipcode=01040
32,https://www.inmyarea.com/utilities?zipcode=01041
33,https://www.inmyarea.com/utilities?zipcode=01050
34,https://www.inmyarea.com/utilities?zipcode=01053
35,https://www.inmyarea.com/utilities?zipcode=01054
36,https://www.inmyarea.com/utilities?zipcode=01056
37,https://www.inmyarea.com/utilities?zipcode=01057
38,https://www.inmyarea.com/utilities?zipcode=01059
39,https://www.inmyarea.com/utilities?zipcode=01060
40,https://www.inmyarea.com/utilities?zipcode=01061
41,https://www.inmyarea.com/utilities?zipcode=01062
42,https://www.inmyarea.com/utilities?zipcode=01063
43,https://www.inmyarea.com/utilities?zipcode=01066
44,https://www.inmyarea.com/utilities?zipcode=01068
45,https://www.inmyarea.com/utilities?zipcode=01069
46,https://www.inmyarea.com/utilities?zipcode=01070
47,https://www.inmyarea.com/utilities?zipcode=01071
48,https://www.inmyarea.com/utilities?zipcode=01072
49,https://www.inmyarea.com/utilities?zipcode=01073
50,https://www.inmyarea.com/utilities?zipcode=01074
51,https://www.inmyarea.com/utilities?zipcode=01075
52,https://www.inmyarea.com/utilities?zipcode=01077
53,https://www.inmyarea.com/utilities?zipcode=01079
54,https://www.inmyarea.com/utilities?zipcode=01080
55,https://www.inmyarea.com/utilities?zipcode=01081
56,https://www.inmyarea.com/utilities?zipcode=01082
57,https://www.inmyarea.com/utilities?zipcode=01083
58,https://www.inmyarea.com/utilities?zipcode=01084
59,https://www.inmyarea.com/utilities?zipcode=01085
60,https://www.inmyarea.com/utilities?zipcode=01086
61,https://www.inmyarea.com/utilities?zipcode=01088
62,https://www.inmyarea.com/utilities?zipcode=01089
63,https://www.inmyarea.com/utilities?zipcode=01090
64,https://www.inmyarea.com/utilities?zipcode=01092
65,https://www.inmyarea.com/utilities?zipcode=01093
66,https://www.inmyarea.com/utilities?zipcode=01094
67,https://www.inmyarea.com/utilities?zipcode=01095
68,https://www.inmyarea.com/utilities?zipcode=01096
69,https://www.inmyarea.com/utilities?zipcode=01097
70,https://www.inmyarea.com/utilities?zipcode=01098
71,https://www.inmyarea.com/utilities?zipcode=01101
72,https://www.inmyarea.com/utilities?zipcode=01102
73,https://www.inmyarea.com/utilities?zipcode=01103
74,https://www.inmyarea.com/utilities?zipcode=01104
75,https://www.inmyarea.com/utilities?zipcode=01105
76,https://www.inmyarea.com/utilities?zipcode=01106
77,https://www.inmyarea.com/utilities?zipcode=01107
78,https://www.inmyarea.com/utilities?zipcode=01108
79,https://www.inmyarea.com/utilities?zipcode=01109
80,https://www.inmyarea.com/utilities?zipcode=01111
81,https://www.inmyarea.com/utilities?zipcode=01115
82,https://www.inmyarea.com/utilities?zipcode=01116
83,https://www.inmyarea.com/utilities?zipcode=01118
84,https://www.inmyarea.com/utilities?zipcode=01119
85,https://www.inmyarea.com/utilities?zipcode=01128
86,https://www.inmyarea.com/utilities?zipcode=01129
87,https://www.inmyarea.com/utilities?zipcode=01133
88,https://www.inmyarea.com/utilities?zipcode=01138
89,https://www.inmyarea.com/utilities?zipcode=01139
90,https://www.inmyarea.com/utilities?zipcode=01144
91,https://www.inmyarea.com/utilities?zipcode=01151
92,https://www.inmyarea.com/utilities?zipcode=01152
93,https://www.inmyarea.com/utilities?zipcode=01195
94,https://www.inmyarea.com/utilities?zipcode=01199
95,https://www.inmyarea.com/utilities?zipcode=01201
96,https://www.inmyarea.com/utilities?zipcode=01202
97,https://www.inmyarea.com/utilities?zipcode=01203
98,https://www.inmyarea.com/utilities?zipcode=01220
99,https://www.inmyarea.com/utilities?zipcode=01222
100,https://www.inmyarea.com/utilities?zipcode=01223
101,https://www.inmyarea.com/utilities?zipcode=01224
102,https://www.inmyarea.com/utilities?zipcode=01225
103,https://www.inmyarea.com/utilities?zipcode=01226
104,https://www.inmyarea.com/utilities?zipcode=01227
105,https://www.inmyarea.com/utilities?zipcode=01229
106,https://www.inmyarea.com/utilities?zipcode=01230
107,https://www.inmyarea.com/utilities?zipcode=01235
108,https://www.inmyarea.com/utilities?zipcode=01236
109,https://www.inmyarea.com/utilities?zipcode=01237
110,https://www.inmyarea.com/utilities?zipcode=01238
111,https://www.inmyarea.com/utilities?zipcode=01240
112,https://www.inmyarea.com/utilities?zipcode=01242
113,https://www.inmyarea.com/utilities?zipcode=01243
114,https://www.inmyarea.com/utilities?zipcode=01244
115,https://www.inmyarea.com/utilities?zipcode=01245
116,https://www.inmyarea.com/utilities?zipcode=01247
117,https://www.inmyarea.com/utilities?zipcode=01252
118,https://www.inmyarea.com/utilities?zipcode=01253
119,https://www.inmyarea.com/utilities?zipcode=01254
120,https://www.inmyarea.com/utilities?zipcode=01255
121,https://www.inmyarea.com/utilities?zipcode=01256
122,https://www.inmyarea.com/utilities?zipcode=01257
123,https://www.inmyarea.com/utilities?zipcode=01258
124,https://www.inmyarea.com/utilities?zipcode=01259
125,https://www.inmyarea.com/utilities?zipcode=01260
126,https://www.inmyarea.com/utilities?zipcode=01262
127,https://www.inmyarea.com/utilities?zipcode=01263
128,https://www.inmyarea.com/utilities?zipcode=01264
129,https://www.inmyarea.com/utilities?zipcode=01266
130,https://www.inmyarea.com/utilities?zipcode=01267
131,https://www.inmyarea.com/utilities?zipcode=01270
132,https://www.inmyarea.com/utilities?zipcode=01301
133,https://www.inmyarea.com/utilities?zipcode=01302
134,https://www.inmyarea.com/utilities?zipcode=01330
135,https://www.inmyarea.com/utilities?zipcode=01331
136,https://www.inmyarea.com/utilities?zipcode=01337
137,https://www.inmyarea.com/utilities?zipcode=01338
138,https://www.inmyarea.com/utilities?zipcode=01339
139,https://www.inmyarea.com/utilities?zipcode=01340
140,https://www.inmyarea.com/utilities?zipcode=01341
141,https://www.inmyarea.com/utilities?zipcode=01342
142,https://www.inmyarea.com/utilities?zipcode=01343
143,https://www.inmyarea.com/utilities?zipcode=01344
144,https://www.inmyarea.com/utilities?zipcode=01346
145,https://www.inmyarea.com/utilities?zipcode=01347
146,https://www.inmyarea.com/utilities?zipcode=01349
147,https://www.inmyarea.com/utilities?zipcode=01350
148,https://www.inmyarea.com/utilities?zipcode=01351
149,https://www.inmyarea.com/utilities?zipcode=01354
150,https://www.inmyarea.com/utilities?zipcode=01355
151,https://www.inmyarea.com/utilities?zipcode=01360
152,https://www.inmyarea.com/utilities?zipcode=01364
153,https://www.inmyarea.com/utilities?zipcode=01366
154,https://www.inmyarea.com/utilities?zipcode=01367
155,https://www.inmyarea.com/utilities?zipcode=01368
156,https://www.inmyarea.com/utilities?zipcode=01370
157,https://www.inmyarea.com/utilities?zipcode=01373
158,https://www.inmyarea.com/utilities?zipcode=01375
159,https://www.inmyarea.com/utilities?zipcode=01376
160,https://www.inmyarea.com/utilities?zipcode=01378
161,https://www.inmyarea.com/utilities?zipcode=01379
162,https://www.inmyarea.com/utilities?zipcode=01380
163,https://www.inmyarea.com/utilities?zipcode=01420
164,https://www.inmyarea.com/utilities?zipcode=01430
165,https://www.inmyarea.com/utilities?zipcode=01431
166,https://www.inmyarea.com/utilities?zipcode=01432
167,https://www.inmyarea.com/utilities?zipcode=01434
168,https://www.inmyarea.com/utilities?zipcode=01436
169,https://www.inmyarea.com/utilities?zipcode=01438
170,https://www.inmyarea.com/utilities?zipcode=01440
171,https://www.inmyarea.com/utilities?zipcode=01441
172,https://www.inmyarea.com/utilities?zipcode=01450
173,https://www.inmyarea.com/utilities?zipcode=01451
174,https://www.inmyarea.com/utilities?zipcode=01452
175,https://www.inmyarea.com/utilities?zipcode=01453
176,https://www.inmyarea.com/utilities?zipcode=01460
177,https://www.inmyarea.com/utilities?zipcode=01462
178,https://www.inmyarea.com/utilities?zipcode=01463
179,https://www.inmyarea.com/utilities?zipcode=01464
180,https://www.inmyarea.com/utilities?zipcode=01467
181,https://www.inmyarea.com/utilities?zipcode=01468
182,https://www.inmyarea.com/utilities?zipcode=01469
183,https://www.inmyarea.com/utilities?zipcode=01470
184,https://www.inmyarea.com/utilities?zipcode=01471
185,https://www.inmyarea.com/utilities?zipcode=01472
186,https://www.inmyarea.com/utilities?zipcode=01473
187,https://www.inmyarea.com/utilities?zipcode=01474
188,https://www.inmyarea.com/utilities?zipcode=01475
189,https://www.inmyarea.com/utilities?zipcode=01477
190,https://www.inmyarea.com/utilities?zipcode=01501
191,https://www.inmyarea.com/utilities?zipcode=01503
192,https://www.inmyarea.com/utilities?zipcode=01504
193,https://www.inmyarea.com/utilities?zipcode=01505
194,https://www.inmyarea.com/utilities?zipcode=01506
195,https://www.inmyarea.com/utilities?zipcode=01507
196,https://www.inmyarea.com/utilities?zipcode=01508
197,https://www.inmyarea.com/utilities?zipcode=01509
198,https://www.inmyarea.com/utilities?zipcode=01510
199,https://www.inmyarea.com/utilities?zipcode=01515
200,https://www.inmyarea.com/utilities?zipcode=01516
201,https://www.inmyarea.com/utilities?zipcode=01517
202,https://www.inmyarea.com/utilities?zipcode=01518
203,https://www.inmyarea.com/utilities?zipcode=01519
204,https://www.inmyarea.com/utilities?zipcode=01520
205,https://www.inmyarea.com/utilities?zipcode=01521
206,https://www.inmyarea.com/utilities?zipcode=01522
207,https://www.inmyarea.com/utilities?zipcode=01523
208,https://www.inmyarea.com/utilities?zipcode=01524
209,https://www.inmyarea.com/utilities?zipcode=01525
210,https://www.inmyarea.com/utilities?zipcode=01526
211,https://www.inmyarea.com/utilities?zipcode=01527
212,https://www.inmyarea.com/utilities?zipcode=01529
213,https://www.inmyarea.com/utilities?zipcode=01531
214,https://www.inmyarea.com/utilities?zipcode=01532
215,https://www.inmyarea.com/utilities?zipcode=01534
216,https://www.inmyarea.com/utilities?zipcode=01535
217,https://www.inmyarea.com/utilities?zipcode=01536
218,https://www.inmyarea.com/utilities?zipcode=01537
219,https://www.inmyarea.com/utilities?zipcode=01538
220,https://www.inmyarea.com/utilities?zipcode=01540
221,https://www.inmyarea.com/utilities?zipcode=01541
222,https://www.inmyarea.com/utilities?zipcode=01542
223,https://www.inmyarea.com/utilities?zipcode=01543
224,https://www.inmyarea.com/utilities?zipcode=01545
225,https://www.inmyarea.com/utilities?zipcode=01546
226,https://www.inmyarea.com/utilities?zipcode=01550
227,https://www.inmyarea.com/utilities?zipcode=01560
228,https://www.inmyarea.com/utilities?zipcode=01561
229,https://www.inmyarea.com/utilities?zipcode=01562
230,https://www.inmyarea.com/utilities?zipcode=01564
231,https://www.inmyarea.com/utilities?zipcode=01566
232,https://www.inmyarea.com/utilities?zipcode=01568
233,https://www.inmyarea.com/utilities?zipcode=01569
234,https://www.inmyarea.com/utilities?zipcode=01570
235,https://www.inmyarea.com/utilities?zipcode=01571
236,https://www.inmyarea.com/utilities?zipcode=01580
237,https://www.inmyarea.com/utilities?zipcode=01581
238,https://www.inmyarea.com/utilities?zipcode=01582
239,https://www.inmyarea.com/utilities?zipcode=01583
240,https://www.inmyarea.com/utilities?zipcode=01585
241,https://www.inmyarea.com/utilities?zipcode=01586
242,https://www.inmyarea.com/utilities?zipcode=01588
243,https://www.inmyarea.com/utilities?zipcode=01590
244,https://www.inmyarea.com/utilities?zipcode=01601
245,https://www.inmyarea.com/utilities?zipcode=01602
246,https://www.inmyarea.com/utilities?zipcode=01603
247,https://www.inmyarea.com/utilities?zipcode=01604
248,https://www.inmyarea.com/utilities?zipcode=01605
249,https://www.inmyarea.com/utilities?zipcode=01606
250,https://www.inmyarea.com/utilities?zipcode=01607
251,https://www.inmyarea.com/utilities?zipcode=01608
252,https://www.inmyarea.com/utilities?zipcode=01609
253,https://www.inmyarea.com/utilities?zipcode=01610
254,https://www.inmyarea.com/utilities?zipcode=01611
255,https://www.inmyarea.com/utilities?zipcode=01612
256,https://www.inmyarea.com/utilities?zipcode=01613
257,https://www.inmyarea.com/utilities?zipcode=01614
258,https://www.inmyarea.com/utilities?zipcode=01615
259,https://www.inmyarea.com/utilities?zipcode=01653
260,https://www.inmyarea.com/utilities?zipcode=01654
261,https://www.inmyarea.com/utilities?zipcode=01655
262,https://www.inmyarea.com/utilities?zipcode=01701
263,https://www.inmyarea.com/utilities?zipcode=01702
264,https://www.inmyarea.com/utilities?zipcode=01703
265,https://www.inmyarea.com/utilities?zipcode=01704
266,https://www.inmyarea.com/utilities?zipcode=01705
267,https://www.inmyarea.com/utilities?zipcode=01718
268,https://www.inmyarea.com/utilities?zipcode=01719
269,https://www.inmyarea.com/utilities?zipcode=01720
270,https://www.inmyarea.com/utilities?zipcode=01721
271,https://www.inmyarea.com/utilities?zipcode=01730
272,https://www.inmyarea.com/utilities?zipcode=01731
273,https://www.inmyarea.com/utilities?zipcode=01740
274,https://www.inmyarea.com/utilities?zipcode=01741
275,https://www.inmyarea.com/utilities?zipcode=01742
276,https://www.inmyarea.com/utilities?zipcode=01745
277,https://www.inmyarea.com/utilities?zipcode=01746
278,https://www.inmyarea.com/utilities?zipcode=01747
279,https://www.inmyarea.com/utilities?zipcode=01748
280,https://www.inmyarea.com/utilities?zipcode=01749
281,https://www.inmyarea.com/utilities?zipcode=01752
282,https://www.inmyarea.com/utilities?zipcode=01754
283,https://www.inmyarea.com/utilities?zipcode=01756
284,https://www.inmyarea.com/utilities?zipcode=01757
285,https://www.inmyarea.com/utilities?zipcode=01760
286,https://www.inmyarea.com/utilities?zipcode=01770
287,https://www.inmyarea.com/utilities?zipcode=01772
288,https://www.inmyarea.com/utilities?zipcode=01773
289,https://www.inmyarea.com/utilities?zipcode=01775
290,https://www.inmyarea.com/utilities?zipcode=01776
291,https://www.inmyarea.com/utilities?zipcode=01778
292,https://www.inmyarea.com/utilities?zipcode=01784
293,https://www.inmyarea.com/utilities?zipcode=01801
294,https://www.inmyarea.com/utilities?zipcode=01803
295,https://www.inmyarea.com/utilities?zipcode=01805
296,https://www.inmyarea.com/utilities?zipcode=01806
297,https://www.inmyarea.com/utilities?zipcode=01807
298,https://www.inmyarea.com/utilities?zipcode=01808
299,https://www.inmyarea.com/utilities?zipcode=01810
300,https://www.inmyarea.com/utilities?zipcode=01812
301,https://www.inmyarea.com/utilities?zipcode=01813
302,https://www.inmyarea.com/utilities?zipcode=01815
303,https://www.inmyarea.com/utilities?zipcode=01821
304,https://www.inmyarea.com/utilities?zipcode=01822
305,https://www.inmyarea.com/utilities?zipcode=01824
306,https://www.inmyarea.com/utilities?zipcode=01826
307,https://www.inmyarea.com/utilities?zipcode=01827
308,https://www.inmyarea.com/utilities?zipcode=01830
309,https://www.inmyarea.com/utilities?zipcode=01831
310,https://www.inmyarea.com/utilities?zipcode=01832
311,https://www.inmyarea.com/utilities?zipcode=01833
312,https://www.inmyarea.com/utilities?zipcode=01834
313,https://www.inmyarea.com/utilities?zipcode=01835
314,https://www.inmyarea.com/utilities?zipcode=01840
315,https://www.inmyarea.com/utilities?zipcode=01841
316,https://www.inmyarea.com/utilities?zipcode=01842
317,https://www.inmyarea.com/utilities?zipcode=01843
318,https://www.inmyarea.com/utilities?zipcode=01844
319,https://www.inmyarea.com/utilities?zipcode=01845
320,https://www.inmyarea.com/utilities?zipcode=01850
321,https://www.inmyarea.com/utilities?zipcode=01851
322,https://www.inmyarea.com/utilities?zipcode=01852
323,https://www.inmyarea.com/utilities?zipcode=01853
324,https://www.inmyarea.com/utilities?zipcode=01854
325,https://www.inmyarea.com/utilities?zipcode=01860
326,https://www.inmyarea.com/utilities?zipcode=01862
327,https://www.inmyarea.com/utilities?zipcode=01863
328,https://www.inmyarea.com/utilities?zipcode=01864
329,https://www.inmyarea.com/utilities?zipcode=01865
330,https://www.inmyarea.com/utilities?zipcode=01866
331,https://www.inmyarea.com/utilities?zipcode=01867
332,https://www.inmyarea.com/utilities?zipcode=01876
333,https://www.inmyarea.com/utilities?zipcode=01879
334,https://www.inmyarea.com/utilities?zipcode=01880
335,https://www.inmyarea.com/utilities?zipcode=01885
336,https://www.inmyarea.com/utilities?zipcode=01886
337,https://www.inmyarea.com/utilities?zipcode=01887
338,https://www.inmyarea.com/utilities?zipcode=01888
339,https://www.inmyarea.com/utilities?zipcode=01889
340,https://www.inmyarea.com/utilities?zipcode=01890
341,https://www.inmyarea.com/utilities?zipcode=01899
342,https://www.inmyarea.com/utilities?zipcode=01901
343,https://www.inmyarea.com/utilities?zipcode=01902
344,https://www.inmyarea.com/utilities?zipcode=01903
345,https://www.inmyarea.com/utilities?zipcode=01904
346,https://www.inmyarea.com/utilities?zipcode=01905
347,https://www.inmyarea.com/utilities?zipcode=01906
348,https://www.inmyarea.com/utilities?zipcode=01907
349,https://www.inmyarea.com/utilities?zipcode=01908
350,https://www.inmyarea.com/utilities?zipcode=01910
351,https://www.inmyarea.com/utilities?zipcode=01913
352,https://www.inmyarea.com/utilities?zipcode=01915
353,https://www.inmyarea.com/utilities?zipcode=01921
354,https://www.inmyarea.com/utilities?zipcode=01922
355,https://www.inmyarea.com/utilities?zipcode=01923
356,https://www.inmyarea.com/utilities?zipcode=01929
357,https://www.inmyarea.com/utilities?zipcode=01930
358,https://www.inmyarea.com/utilities?zipcode=01931
359,https://www.inmyarea.com/utilities?zipcode=01936
360,https://www.inmyarea.com/utilities?zipcode=01937
361,https://www.inmyarea.com/utilities?zipcode=01938
362,https://www.inmyarea.com/utilities?zipcode=01940
363,https://www.inmyarea.com/utilities?zipcode=01944
364,https://www.inmyarea.com/utilities?zipcode=01945
365,https://www.inmyarea.com/utilities?zipcode=01949
366,https://www.inmyarea.com/utilities?zipcode=01950
367,https://www.inmyarea.com/utilities?zipcode=01951
368,https://www.inmyarea.com/utilities?zipcode=01952
369,https://www.inmyarea.com/utilities?zipcode=01960
370,https://www.inmyarea.com/utilities?zipcode=01961
371,https://www.inmyarea.com/utilities?zipcode=01965
372,https://www.inmyarea.com/utilities?zipcode=01966
373,https://www.inmyarea.com/utilities?zipcode=01969
374,https://www.inmyarea.com/utilities?zipcode=01970
375,https://www.inmyarea.com/utilities?zipcode=01971
376,https://www.inmyarea.com/utilities?zipcode=01982
377,https://www.inmyarea.com/utilities?zipcode=01983
378,https://www.inmyarea.com/utilities?zipcode=01984
379,https://www.inmyarea.com/utilities?zipcode=01985
380,https://www.inmyarea.com/utilities?zipcode=02018
381,https://www.inmyarea.com/utilities?zipcode=02019
382,https://www.inmyarea.com/utilities?zipcode=02020
383,https://www.inmyarea.com/utilities?zipcode=02021
384,https://www.inmyarea.com/utilities?zipcode=02025
385,https://www.inmyarea.com/utilities?zipcode=02026
386,https://www.inmyarea.com/utilities?zipcode=02027
387,https://www.inmyarea.com/utilities?zipcode=02030
388,https://www.inmyarea.com/utilities?zipcode=02031
389,https://www.inmyarea.com/utilities?zipcode=02032
390,https://www.inmyarea.com/utilities?zipcode=02035
391,https://www.inmyarea.com/utilities?zipcode=02038
392,https://www.inmyarea.com/utilities?zipcode=02040
393,https://www.inmyarea.com/utilities?zipcode=02041
394,https://www.inmyarea.com/utilities?zipcode=02043
395,https://www.inmyarea.com/utilities?zipcode=02044
396,https://www.inmyarea.com/utilities?zipcode=02045
397,https://www.inmyarea.com/utilities?zipcode=02047
398,https://www.inmyarea.com/utilities?zipcode=02048
399,https://www.inmyarea.com/utilities?zipcode=02050
400,https://www.inmyarea.com/utilities?zipcode=02051
401,https://www.inmyarea.com/utilities?zipcode=02052
402,https://www.inmyarea.com/utilities?zipcode=02053
403,https://www.inmyarea.com/utilities?zipcode=02054
404,https://www.inmyarea.com/utilities?zipcode=02055
405,https://www.inmyarea.com/utilities?zipcode=02056
406,https://www.inmyarea.com/utilities?zipcode=02059
407,https://www.inmyarea.com/utilities?zipcode=02060
408,https://www.inmyarea.com/utilities?zipcode=02061
409,https://www.inmyarea.com/utilities?zipcode=02062
410,https://www.inmyarea.com/utilities?zipcode=02065
411,https://www.inmyarea.com/utilities?zipcode=02066
412,https://www.inmyarea.com/utilities?zipcode=02067
413,https://www.inmyarea.com/utilities?zipcode=02070
414,https://www.inmyarea.com/utilities?zipcode=02071
415,https://www.inmyarea.com/utilities?zipcode=02072
416,https://www.inmyarea.com/utilities?zipcode=02081
417,https://www.inmyarea.com/utilities?zipcode=02090
418,https://www.inmyarea.com/utilities?zipcode=02093
419,https://www.inmyarea.com/utilities?zipcode=02108
420,https://www.inmyarea.com/utilities?zipcode=02109
421,https://www.inmyarea.com/utilities?zipcode=02110
422,https://www.inmyarea.com/utilities?zipcode=02111
423,https://www.inmyarea.com/utilities?zipcode=02112
424,https://www.inmyarea.com/utilities?zipcode=02113
425,https://www.inmyarea.com/utilities?zipcode=02114
426,https://www.inmyarea.com/utilities?zipcode=02115
427,https://www.inmyarea.com/utilities?zipcode=02116
428,https://www.inmyarea.com/utilities?zipcode=02117
429,https://www.inmyarea.com/utilities?zipcode=02118
430,https://www.inmyarea.com/utilities?zipcode=02119
431,https://www.inmyarea.com/utilities?zipcode=02120
432,https://www.inmyarea.com/utilities?zipcode=02121
433,https://www.inmyarea.com/utilities?zipcode=02122
434,https://www.inmyarea.com/utilities?zipcode=02123
435,https://www.inmyarea.com/utilities?zipcode=02124
436,https://www.inmyarea.com/utilities?zipcode=02125
437,https://www.inmyarea.com/utilities?zipcode=02126
438,https://www.inmyarea.com/utilities?zipcode=02127
439,https://www.inmyarea.com/utilities?zipcode=02128
440,https://www.inmyarea.com/utilities?zipcode=02129
441,https://www.inmyarea.com/utilities?zipcode=02130
442,https://www.inmyarea.com/utilities?zipcode=02131
443,https://www.inmyarea.com/utilities?zipcode=02132
444,https://www.inmyarea.com/utilities?zipcode=02133
445,https://www.inmyarea.com/utilities?zipcode=02134
446,https://www.inmyarea.com/utilities?zipcode=02135
447,https://www.inmyarea.com/utilities?zipcode=02136
448,https://www.inmyarea.com/utilities?zipcode=02137
449,https://www.inmyarea.com/utilities?zipcode=02138
450,https://www.inmyarea.com/utilities?zipcode=02139
451,https://www.inmyarea.com/utilities?zipcode=02140
452,https://www.inmyarea.com/utilities?zipcode=02141
453,https://www.inmyarea.com/utilities?zipcode=02142
454,https://www.inmyarea.com/utilities?zipcode=02143
455,https://www.inmyarea.com/utilities?zipcode=02144
456,https://www.inmyarea.com/utilities?zipcode=02145
457,https://www.inmyarea.com/utilities?zipcode=02148
458,https://www.inmyarea.com/utilities?zipcode=02149
459,https://www.inmyarea.com/utilities?zipcode=02150
460,https://www.inmyarea.com/utilities?zipcode=02151
461,https://www.inmyarea.com/utilities?zipcode=02152
462,https://www.inmyarea.com/utilities?zipcode=02153
463,https://www.inmyarea.com/utilities?zipcode=02155
464,https://www.inmyarea.com/utilities?zipcode=02156
465,https://www.inmyarea.com/utilities?zipcode=02163
466,https://www.inmyarea.com/utilities?zipcode=02169
467,https://www.inmyarea.com/utilities?zipcode=02170
468,https://www.inmyarea.com/utilities?zipcode=02171
469,https://www.inmyarea.com/utilities?zipcode=02176
470,https://www.inmyarea.com/utilities?zipcode=02180
471,https://www.inmyarea.com/utilities?zipcode=02184
472,https://www.inmyarea.com/utilities?zipcode=02185
473,https://www.inmyarea.com/utilities?zipcode=02186
474,https://www.inmyarea.com/utilities?zipcode=02187
475,https://www.inmyarea.com/utilities?zipcode=02188
476,https://www.inmyarea.com/utilities?zipcode=02189
477,https://www.inmyarea.com/utilities?zipcode=02190
478,https://www.inmyarea.com/utilities?zipcode=02191
479,https://www.inmyarea.com/utilities?zipcode=02196
480,https://www.inmyarea.com/utilities?zipcode=02199
481,https://www.inmyarea.com/utilities?zipcode=02201
482,https://www.inmyarea.com/utilities?zipcode=02203
483,https://www.inmyarea.com/utilities?zipcode=02204
484,https://www.inmyarea.com/utilities?zipcode=02205
485,https://www.inmyarea.com/utilities?zipcode=02206
486,https://www.inmyarea.com/utilities?zipcode=02207
487,https://www.inmyarea.com/utilities?zipcode=02210
488,https://www.inmyarea.com/utilities?zipcode=02211
489,https://www.inmyarea.com/utilities?zipcode=02212
490,https://www.inmyarea.com/utilities?zipcode=02215
491,https://www.inmyarea.com/utilities?zipcode=02216
492,https://www.inmyarea.com/utilities?zipcode=02217
493,https://www.inmyarea.com/utilities?zipcode=02222
494,https://www.inmyarea.com/utilities?zipcode=02228
495,https://www.inmyarea.com/utilities?zipcode=02238
496,https://www.inmyarea.com/utilities?zipcode=02239
497,https://www.inmyarea.com/utilities?zipcode=02241
498,https://www.inmyarea.com/utilities?zipcode=02266
499,https://www.inmyarea.com/utilities?zipcode=02269
500,https://www.inmyarea.com/utilities?zipcode=02283
501,https://www.inmyarea.com/utilities?zipcode=02284
502,https://www.inmyarea.com/utilities?zipcode=02293
503,https://www.inmyarea.com/utilities?zipcode=02295
504,https://www.inmyarea.com/utilities?zipcode=02297
505,https://www.inmyarea.com/utilities?zipcode=02298
506,https://www.inmyarea.com/utilities?zipcode=02301
507,https://www.inmyarea.com/utilities?zipcode=02302
508,https://www.inmyarea.com/utilities?zipcode=02303
509,https://www.inmyarea.com/utilities?zipcode=02304
510,https://www.inmyarea.com/utilities?zipcode=02305
511,https://www.inmyarea.com/utilities?zipcode=02322
512,https://www.inmyarea.com/utilities?zipcode=02324
513,https://www.inmyarea.com/utilities?zipcode=02325
514,https://www.inmyarea.com/utilities?zipcode=02327
515,https://www.inmyarea.com/utilities?zipcode=02330
516,https://www.inmyarea.com/utilities?zipcode=02331
517,https://www.inmyarea.com/utilities?zipcode=02332
518,https://www.inmyarea.com/utilities?zipcode=02333
519,https://www.inmyarea.com/utilities?zipcode=02334
520,https://www.inmyarea.com/utilities?zipcode=02337
521,https://www.inmyarea.com/utilities?zipcode=02338
522,https://www.inmyarea.com/utilities?zipcode=02339
523,https://www.inmyarea.com/utilities?zipcode=02340
524,https://www.inmyarea.com/utilities?zipcode=02341
525,https://www.inmyarea.com/utilities?zipcode=02343
526,https://www.inmyarea.com/utilities?zipcode=02344
527,https://www.inmyarea.com/utilities?zipcode=02345
528,https://www.inmyarea.com/utilities?zipcode=02346
529,https://www.inmyarea.com/utilities?zipcode=02347
530,https://www.inmyarea.com/utilities?zipcode=02348
531,https://www.inmyarea.com/utilities?zipcode=02349
532,https://www.inmyarea.com/utilities?zipcode=02350
533,https://www.inmyarea.com/utilities?zipcode=02351
534,https://www.inmyarea.com/utilities?zipcode=02355
535,https://www.inmyarea.com/utilities?zipcode=02356
536,https://www.inmyarea.com/utilities?zipcode=02357
537,https://www.inmyarea.com/utilities?zipcode=02358
538,https://www.inmyarea.com/utilities?zipcode=02359
539,https://www.inmyarea.com/utilities?zipcode=02360
540,https://www.inmyarea.com/utilities?zipcode=02361
541,https://www.inmyarea.com/utilities?zipcode=02362
542,https://www.inmyarea.com/utilities?zipcode=02364
543,https://www.inmyarea.com/utilities?zipcode=02366
544,https://www.inmyarea.com/utilities?zipcode=02367
545,https://www.inmyarea.com/utilities?zipcode=02368
546,https://www.inmyarea.com/utilities?zipcode=02370
547,https://www.inmyarea.com/utilities?zipcode=02375
548,https://www.inmyarea.com/utilities?zipcode=02379
549,https://www.inmyarea.com/utilities?zipcode=02381
550,https://www.inmyarea.com/utilities?zipcode=02382
551,https://www.inmyarea.com/utilities?zipcode=02420
552,https://www.inmyarea.com/utilities?zipcode=02421
553,https://www.inmyarea.com/utilities?zipcode=02445
554,https://www.inmyarea.com/utilities?zipcode=02446
555,https://www.inmyarea.com/utilities?zipcode=02447
556,https://www.inmyarea.com/utilities?zipcode=02451
557,https://www.inmyarea.com/utilities?zipcode=02452
558,https://www.inmyarea.com/utilities?zipcode=02453
559,https://www.inmyarea.com/utilities?zipcode=02454
560,https://www.inmyarea.com/utilities?zipcode=02455
561,https://www.inmyarea.com/utilities?zipcode=02456
562,https://www.inmyarea.com/utilities?zipcode=02457
563,https://www.inmyarea.com/utilities?zipcode=02458
564,https://www.inmyarea.com/utilities?zipcode=02459
565,https://www.inmyarea.com/utilities?zipcode=02460
566,https://www.inmyarea.com/utilities?zipcode=02461
567,https://www.inmyarea.com/utilities?zipcode=02462
568,https://www.inmyarea.com/utilities?zipcode=02464
569,https://www.inmyarea.com/utilities?zipcode=02465
570,https://www.inmyarea.com/utilities?zipcode=02466
571,https://www.inmyarea.com/utilities?zipcode=02467
572,https://www.inmyarea.com/utilities?zipcode=02468
573,https://www.inmyarea.com/utilities?zipcode=02471
574,https://www.inmyarea.com/utilities?zipcode=02472
575,https://www.inmyarea.com/utilities?zipcode=02474
576,https://www.inmyarea.com/utilities?zipcode=02475
577,https://www.inmyarea.com/utilities?zipcode=02476
578,https://www.inmyarea.com/utilities?zipcode=02477
579,https://www.inmyarea.com/utilities?zipcode=02478
580,https://www.inmyarea.com/utilities?zipcode=02479
581,https://www.inmyarea.com/utilities?zipcode=02481
582,https://www.inmyarea.com/utilities?zipcode=02482
583,https://www.inmyarea.com/utilities?zipcode=02492
584,https://www.inmyarea.com/utilities?zipcode=02493
585,https://www.inmyarea.com/utilities?zipcode=02494
586,https://www.inmyarea.com/utilities?zipcode=02495
587,https://www.inmyarea.com/utilities?zipcode=02532
588,https://www.inmyarea.com/utilities?zipcode=02534
589,https://www.inmyarea.com/utilities?zipcode=02535
590,https://www.inmyarea.com/utilities?zipcode=02536
591,https://www.inmyarea.com/utilities?zipcode=02537
592,https://www.inmyarea.com/utilities?zipcode=02538
593,https://www.inmyarea.com/utilities?zipcode=02539
594,https://www.inmyarea.com/utilities?zipcode=02540
595,https://www.inmyarea.com/utilities?zipcode=02541
596,https://www.inmyarea.com/utilities?zipcode=02542
597,https://www.inmyarea.com/utilities?zipcode=02543
598,https://www.inmyarea.com/utilities?zipcode=02552
599,https://www.inmyarea.com/utilities?zipcode=02553
600,https://www.inmyarea.com/utilities?zipcode=02554
601,https://www.inmyarea.com/utilities?zipcode=02556
602,https://www.inmyarea.com/utilities?zipcode=02557
603,https://www.inmyarea.com/utilities?zipcode=02558
604,https://www.inmyarea.com/utilities?zipcode=02559
605,https://www.inmyarea.com/utilities?zipcode=02561
606,https://www.inmyarea.com/utilities?zipcode=02562
607,https://www.inmyarea.com/utilities?zipcode=02563
608,https://www.inmyarea.com/utilities?zipcode=02564
609,https://www.inmyarea.com/utilities?zipcode=02565
610,https://www.inmyarea.com/utilities?zipcode=02568
611,https://www.inmyarea.com/utilities?zipcode=02571
612,https://www.inmyarea.com/utilities?zipcode=02573
613,https://www.inmyarea.com/utilities?zipcode=02574
614,https://www.inmyarea.com/utilities?zipcode=02575
615,https://www.inmyarea.com/utilities?zipcode=02576
616,https://www.inmyarea.com/utilities?zipcode=02584
617,https://www.inmyarea.com/utilities?zipcode=02601
618,https://www.inmyarea.com/utilities?zipcode=02630
619,https://www.inmyarea.com/utilities?zipcode=02631
620,https://www.inmyarea.com/utilities?zipcode=02632
621,https://www.inmyarea.com/utilities?zipcode=02633
622,https://www.inmyarea.com/utilities?zipcode=02634
623,https://www.inmyarea.com/utilities?zipcode=02635
624,https://www.inmyarea.com/utilities?zipcode=02636
625,https://www.inmyarea.com/utilities?zipcode=02637
626,https://www.inmyarea.com/utilities?zipcode=02638
627,https://www.inmyarea.com/utilities?zipcode=02639
628,https://www.inmyarea.com/utilities?zipcode=02641
629,https://www.inmyarea.com/utilities?zipcode=02642
630,https://www.inmyarea.com/utilities?zipcode=02643
631,https://www.inmyarea.com/utilities?zipcode=02644
632,https://www.inmyarea.com/utilities?zipcode=02645
633,https://www.inmyarea.com/utilities?zipcode=02646
634,https://www.inmyarea.com/utilities?zipcode=02647
635,https://www.inmyarea.com/utilities?zipcode=02648
636,https://www.inmyarea.com/utilities?zipcode=02649
637,https://www.inmyarea.com/utilities?zipcode=02650
638,https://www.inmyarea.com/utilities?zipcode=02651
639,https://www.inmyarea.com/utilities?zipcode=02652
640,https://www.inmyarea.com/utilities?zipcode=02653
641,https://www.inmyarea.com/utilities?zipcode=02655
642,https://www.inmyarea.com/utilities?zipcode=02657
643,https://www.inmyarea.com/utilities?zipcode=02659
644,https://www.inmyarea.com/utilities?zipcode=02660
645,https://www.inmyarea.com/utilities?zipcode=02661
646,https://www.inmyarea.com/utilities?zipcode=02662
647,https://www.inmyarea.com/utilities?zipcode=02663
648,https://www.inmyarea.com/utilities?zipcode=02664
649,https://www.inmyarea.com/utilities?zipcode=02666
650,https://www.inmyarea.com/utilities?zipcode=02667
651,https://www.inmyarea.com/utilities?zipcode=02668
652,https://www.inmyarea.com/utilities?zipcode=02669
653,https://www.inmyarea.com/utilities?zipcode=02670
654,https://www.inmyarea.com/utilities?zipcode=02671
655,https://www.inmyarea.com/utilities?zipcode=02672
656,https://www.inmyarea.com/utilities?zipcode=02673
657,https://www.inmyarea.com/utilities?zipcode=02675
658,https://www.inmyarea.com/utilities?zipcode=02702
659,https://www.inmyarea.com/utilities?zipcode=02703
660,https://www.inmyarea.com/utilities?zipcode=02712
661,https://www.inmyarea.com/utilities?zipcode=02713
662,https://www.inmyarea.com/utilities?zipcode=02714
663,https://www.inmyarea.com/utilities?zipcode=02715
664,https://www.inmyarea.com/utilities?zipcode=02717
665,https://www.inmyarea.com/utilities?zipcode=02718
666,https://www.inmyarea.com/utilities?zipcode=02719
667,https://www.inmyarea.com/utilities?zipcode=02720
668,https://www.inmyarea.com/utilities?zipcode=02721
669,https://www.inmyarea.com/utilities?zipcode=02722
670,https://www.inmyarea.com/utilities?zipcode=02723
671,https://www.inmyarea.com/utilities?zipcode=02724
672,https://www.inmyarea.com/utilities?zipcode=02725
673,https://www.inmyarea.com/utilities?zipcode=02726
674,https://www.inmyarea.com/utilities?zipcode=02738
675,https://www.inmyarea.com/utilities?zipcode=02739
676,https://www.inmyarea.com/utilities?zipcode=02740
677,https://www.inmyarea.com/utilities?zipcode=02741
678,https://www.inmyarea.com/utilities?zipcode=02742
679,https://www.inmyarea.com/utilities?zipcode=02743
680,https://www.inmyarea.com/utilities?zipcode=02744
681,https://www.inmyarea.com/utilities?zipcode=02745
682,https://www.inmyarea.com/utilities?zipcode=02746
683,https://www.inmyarea.com/utilities?zipcode=02747
684,https://www.inmyarea.com/utilities?zipcode=02748
685,https://www.inmyarea.com/utilities?zipcode=02760
686,https://www.inmyarea.com/utilities?zipcode=02761
687,https://www.inmyarea.com/utilities?zipcode=02762
688,https://www.inmyarea.com/utilities?zipcode=02763
689,https://www.inmyarea.com/utilities?zipcode=02764
690,https://www.inmyarea.com/utilities?zipcode=02766
691,https://www.inmyarea.com/utilities?zipcode=02767
692,https://www.inmyarea.com/utilities?zipcode=02768
693,https://www.inmyarea.com/utilities?zipcode=02769
694,https://www.inmyarea.com/utilities?zipcode=02770
695,https://www.inmyarea.com/utilities?zipcode=02771
696,https://www.inmyarea.com/utilities?zipcode=02777
697,https://www.inmyarea.com/utilities?zipcode=02779
698,https://www.inmyarea.com/utilities?zipcode=02780
699,https://www.inmyarea.com/utilities?zipcode=02783
700,https://www.inmyarea.com/utilities?zipcode=02790
701,https://www.inmyarea.com/utilities?zipcode=02791
702,https://www.inmyarea.com/utilities?zipcode=02801
703,https://www.inmyarea.com/utilities?zipcode=02802
704,https://www.inmyarea.com/utilities?zipcode=02804
705,https://www.inmyarea.com/utilities?zipcode=02806
706,https://www.inmyarea.com/utilities?zipcode=02807
707,https://www.inmyarea.com/utilities?zipcode=02808
708,https://www.inmyarea.com/utilities?zipcode=02809
709,https://www.inmyarea.com/utilities?zipcode=02812
710,https://www.inmyarea.com/utilities?zipcode=02813
711,https://www.inmyarea.com/utilities?zipcode=02814
712,https://www.inmyarea.com/utilities?zipcode=02815
713,https://www.inmyarea.com/utilities?zipcode=02816
714,https://www.inmyarea.com/utilities?zipcode=02817
715,https://www.inmyarea.com/utilities?zipcode=02818
716,https://www.inmyarea.com/utilities?zipcode=02822
717,https://www.inmyarea.com/utilities?zipcode=02823
718,https://www.inmyarea.com/utilities?zipcode=02824
719,https://www.inmyarea.com/utilities?zipcode=02825
720,https://www.inmyarea.com/utilities?zipcode=02826
721,https://www.inmyarea.com/utilities?zipcode=02827
722,https://www.inmyarea.com/utilities?zipcode=02828
723,https://www.inmyarea.com/utilities?zipcode=02829
724,https://www.inmyarea.com/utilities?zipcode=02830
725,https://www.inmyarea.com/utilities?zipcode=02831
726,https://www.inmyarea.com/utilities?zipcode=02832
727,https://www.inmyarea.com/utilities?zipcode=02833
728,https://www.inmyarea.com/utilities?zipcode=02835
729,https://www.inmyarea.com/utilities?zipcode=02836
730,https://www.inmyarea.com/utilities?zipcode=02837
731,https://www.inmyarea.com/utilities?zipcode=02838
732,https://www.inmyarea.com/utilities?zipcode=02839
733,https://www.inmyarea.com/utilities?zipcode=02840
734,https://www.inmyarea.com/utilities?zipcode=02841
735,https://www.inmyarea.com/utilities?zipcode=02842
736,https://www.inmyarea.com/utilities?zipcode=02852
737,https://www.inmyarea.com/utilities?zipcode=02854
738,https://www.inmyarea.com/utilities?zipcode=02857
739,https://www.inmyarea.com/utilities?zipcode=02858
740,https://www.inmyarea.com/utilities?zipcode=02859
741,https://www.inmyarea.com/utilities?zipcode=02860
742,https://www.inmyarea.com/utilities?zipcode=02861
743,https://www.inmyarea.com/utilities?zipcode=02862
744,https://www.inmyarea.com/utilities?zipcode=02863
745,https://www.inmyarea.com/utilities?zipcode=02864
746,https://www.inmyarea.com/utilities?zipcode=02865
747,https://www.inmyarea.com/utilities?zipcode=02871
748,https://www.inmyarea.com/utilities?zipcode=02872
749,https://www.inmyarea.com/utilities?zipcode=02873
750,https://www.inmyarea.com/utilities?zipcode=02874
751,https://www.inmyarea.com/utilities?zipcode=02875
752,https://www.inmyarea.com/utilities?zipcode=02876
753,https://www.inmyarea.com/utilities?zipcode=02877
754,https://www.inmyarea.com/utilities?zipcode=02878
755,https://www.inmyarea.com/utilities?zipcode=02879
756,https://www.inmyarea.com/utilities?zipcode=02880
757,https://www.inmyarea.com/utilities?zipcode=02881
758,https://www.inmyarea.com/utilities?zipcode=02882
759,https://www.inmyarea.com/utilities?zipcode=02883
760,https://www.inmyarea.com/utilities?zipcode=02885
761,https://www.inmyarea.com/utilities?zipcode=02886
762,https://www.inmyarea.com/utilities?zipcode=02887
763,https://www.inmyarea.com/utilities?zipcode=02888
764,https://www.inmyarea.com/utilities?zipcode=02889
765,https://www.inmyarea.com/utilities?zipcode=02891
766,https://www.inmyarea.com/utilities?zipcode=02892
767,https://www.inmyarea.com/utilities?zipcode=02893
768,https://www.inmyarea.com/utilities?zipcode=02894
769,https://www.inmyarea.com/utilities?zipcode=02895
770,https://www.inmyarea.com/utilities?zipcode=02896
771,https://www.inmyarea.com/utilities?zipcode=02898
772,https://www.inmyarea.com/utilities?zipcode=02901
773,https://www.inmyarea.com/utilities?zipcode=02902
774,https://www.inmyarea.com/utilities?zipcode=02903
775,https://www.inmyarea.com/utilities?zipcode=02904
776,https://www.inmyarea.com/utilities?zipcode=02905
777,https://www.inmyarea.com/utilities?zipcode=02906
778,https://www.inmyarea.com/utilities?zipcode=02907
779,https://www.inmyarea.com/utilities?zipcode=02908
780,https://www.inmyarea.com/utilities?zipcode=02909
781,https://www.inmyarea.com/utilities?zipcode=02910
782,https://www.inmyarea.com/utilities?zipcode=02911
783,https://www.inmyarea.com/utilities?zipcode=02912
784,https://www.inmyarea.com/utilities?zipcode=02914
785,https://www.inmyarea.com/utilities?zipcode=02915
786,https://www.inmyarea.com/utilities?zipcode=02916
787,https://www.inmyarea.com/utilities?zipcode=02917
788,https://www.inmyarea.com/utilities?zipcode=02918
789,https://www.inmyarea.com/utilities?zipcode=02919
790,https://www.inmyarea.com/utilities?zipcode=02920
791,https://www.inmyarea.com/utilities?zipcode=02921
792,https://www.inmyarea.com/utilities?zipcode=02940
793,https://www.inmyarea.com/utilities?zipcode=03031
794,https://www.inmyarea.com/utilities?zipcode=03032
795,https://www.inmyarea.com/utilities?zipcode=03033
796,https://www.inmyarea.com/utilities?zipcode=03034
797,https://www.inmyarea.com/utilities?zipcode=03036
798,https://www.inmyarea.com/utilities?zipcode=03037
799,https://www.inmyarea.com/utilities?zipcode=03038
800,https://www.inmyarea.com/utilities?zipcode=03040
801,https://www.inmyarea.com/utilities?zipcode=03041
802,https://www.inmyarea.com/utilities?zipcode=03042
803,https://www.inmyarea.com/utilities?zipcode=03043
804,https://www.inmyarea.com/utilities?zipcode=03044
805,https://www.inmyarea.com/utilities?zipcode=03045
806,https://www.inmyarea.com/utilities?zipcode=03046
807,https://www.inmyarea.com/utilities?zipcode=03047
808,https://www.inmyarea.com/utilities?zipcode=03048
809,https://www.inmyarea.com/utilities?zipcode=03049
810,https://www.inmyarea.com/utilities?zipcode=03051
811,https://www.inmyarea.com/utilities?zipcode=03052
812,https://www.inmyarea.com/utilities?zipcode=03053
813,https://www.inmyarea.com/utilities?zipcode=03054
814,https://www.inmyarea.com/utilities?zipcode=03055
815,https://www.inmyarea.com/utilities?zipcode=03057
816,https://www.inmyarea.com/utilities?zipcode=03060
817,https://www.inmyarea.com/utilities?zipcode=03061
818,https://www.inmyarea.com/utilities?zipcode=03062
819,https://www.inmyarea.com/utilities?zipcode=03063
820,https://www.inmyarea.com/utilities?zipcode=03064
821,https://www.inmyarea.com/utilities?zipcode=03070
822,https://www.inmyarea.com/utilities?zipcode=03071
823,https://www.inmyarea.com/utilities?zipcode=03073
824,https://www.inmyarea.com/utilities?zipcode=03076
825,https://www.inmyarea.com/utilities?zipcode=03077
826,https://www.inmyarea.com/utilities?zipcode=03079
827,https://www.inmyarea.com/utilities?zipcode=03082
828,https://www.inmyarea.com/utilities?zipcode=03084
829,https://www.inmyarea.com/utilities?zipcode=03086
830,https://www.inmyarea.com/utilities?zipcode=03087
831,https://www.inmyarea.com/utilities?zipcode=03101
832,https://www.inmyarea.com/utilities?zipcode=03102
833,https://www.inmyarea.com/utilities?zipcode=03103
834,https://www.inmyarea.com/utilities?zipcode=03104
835,https://www.inmyarea.com/utilities?zipcode=03105
836,https://www.inmyarea.com/utilities?zipcode=03106
837,https://www.inmyarea.com/utilities?zipcode=03107
838,https://www.inmyarea.com/utilities?zipcode=03108
839,https://www.inmyarea.com/utilities?zipcode=03109
840,https://www.inmyarea.com/utilities?zipcode=03110
841,https://www.inmyarea.com/utilities?zipcode=03111
842,https://www.inmyarea.com/utilities?zipcode=03215
843,https://www.inmyarea.com/utilities?zipcode=03216
844,https://www.inmyarea.com/utilities?zipcode=03217
845,https://www.inmyarea.com/utilities?zipcode=03218
846,https://www.inmyarea.com/utilities?zipcode=03220
847,https://www.inmyarea.com/utilities?zipcode=03221
848,https://www.inmyarea.com/utilities?zipcode=03222
849,https://www.inmyarea.com/utilities?zipcode=03223
850,https://www.inmyarea.com/utilities?zipcode=03224
851,https://www.inmyarea.com/utilities?zipcode=03225
852,https://www.inmyarea.com/utilities?zipcode=03226
853,https://www.inmyarea.com/utilities?zipcode=03227
854,https://www.inmyarea.com/utilities?zipcode=03229
855,https://www.inmyarea.com/utilities?zipcode=03230
856,https://www.inmyarea.com/utilities?zipcode=03231
857,https://www.inmyarea.com/utilities?zipcode=03233
858,https://www.inmyarea.com/utilities?zipcode=03234
859,https://www.inmyarea.com/utilities?zipcode=03235
860,https://www.inmyarea.com/utilities?zipcode=03237
861,https://www.inmyarea.com/utilities?zipcode=03238
862,https://www.inmyarea.com/utilities?zipcode=03240
863,https://www.inmyarea.com/utilities?zipcode=03241
864,https://www.inmyarea.com/utilities?zipcode=03242
865,https://www.inmyarea.com/utilities?zipcode=03243
866,https://www.inmyarea.com/utilities?zipcode=03244
867,https://www.inmyarea.com/utilities?zipcode=03245
868,https://www.inmyarea.com/utilities?zipcode=03246
869,https://www.inmyarea.com/utilities?zipcode=03247
870,https://www.inmyarea.com/utilities?zipcode=03249
871,https://www.inmyarea.com/utilities?zipcode=03251
872,https://www.inmyarea.com/utilities?zipcode=03252
873,https://www.inmyarea.com/utilities?zipcode=03253
874,https://www.inmyarea.com/utilities?zipcode=03254
875,https://www.inmyarea.com/utilities?zipcode=03255
876,https://www.inmyarea.com/utilities?zipcode=03256
877,https://www.inmyarea.com/utilities?zipcode=03257
878,https://www.inmyarea.com/utilities?zipcode=03258
879,https://www.inmyarea.com/utilities?zipcode=03259
880,https://www.inmyarea.com/utilities?zipcode=03260
881,https://www.inmyarea.com/utilities?zipcode=03261
882,https://www.inmyarea.com/utilities?zipcode=03262
883,https://www.inmyarea.com/utilities?zipcode=03263
884,https://www.inmyarea.com/utilities?zipcode=03264
885,https://www.inmyarea.com/utilities?zipcode=03266
886,https://www.inmyarea.com/utilities?zipcode=03268
887,https://www.inmyarea.com/utilities?zipcode=03269
888,https://www.inmyarea.com/utilities?zipcode=03272
889,https://www.inmyarea.com/utilities?zipcode=03273
890,https://www.inmyarea.com/utilities?zipcode=03274
891,https://www.inmyarea.com/utilities?zipcode=03275
892,https://www.inmyarea.com/utilities?zipcode=03276
893,https://www.inmyarea.com/utilities?zipcode=03278
894,https://www.inmyarea.com/utilities?zipcode=03279
895,https://www.inmyarea.com/utilities?zipcode=03280
896,https://www.inmyarea.com/utilities?zipcode=03281
897,https://www.inmyarea.com/utilities?zipcode=03282
898,https://www.inmyarea.com/utilities?zipcode=03284
899,https://www.inmyarea.com/utilities?zipcode=03285
900,https://www.inmyarea.com/utilities?zipcode=03287
901,https://www.inmyarea.com/utilities?zipcode=03289
902,https://www.inmyarea.com/utilities?zipcode=03290
903,https://www.inmyarea.com/utilities?zipcode=03291
904,https://www.inmyarea.com/utilities?zipcode=03293
905,https://www.inmyarea.com/utilities?zipcode=03298
906,https://www.inmyarea.com/utilities?zipcode=03299
907,https://www.inmyarea.com/utilities?zipcode=03301
908,https://www.inmyarea.com/utilities?zipcode=03302
909,https://www.inmyarea.com/utilities?zipcode=03303
910,https://www.inmyarea.com/utilities?zipcode=03304
911,https://www.inmyarea.com/utilities?zipcode=03305
912,https://www.inmyarea.com/utilities?zipcode=03307
913,https://www.inmyarea.com/utilities?zipcode=03431
914,https://www.inmyarea.com/utilities?zipcode=03435
915,https://www.inmyarea.com/utilities?zipcode=03440
916,https://www.inmyarea.com/utilities?zipcode=03441
917,https://www.inmyarea.com/utilities?zipcode=03442
918,https://www.inmyarea.com/utilities?zipcode=03443
919,https://www.inmyarea.com/utilities?zipcode=03444
920,https://www.inmyarea.com/utilities?zipcode=03445
921,https://www.inmyarea.com/utilities?zipcode=03446
922,https://www.inmyarea.com/utilities?zipcode=03447
923,https://www.inmyarea.com/utilities?zipcode=03448
924,https://www.inmyarea.com/utilities?zipcode=03449
925,https://www.inmyarea.com/utilities?zipcode=03450
926,https://www.inmyarea.com/utilities?zipcode=03451
927,https://www.inmyarea.com/utilities?zipcode=03452
928,https://www.inmyarea.com/utilities?zipcode=03455
929,https://www.inmyarea.com/utilities?zipcode=03456
930,https://www.inmyarea.com/utilities?zipcode=03457
931,https://www.inmyarea.com/utilities?zipcode=03458
932,https://www.inmyarea.com/utilities?zipcode=03461
933,https://www.inmyarea.com/utilities?zipcode=03462
934,https://www.inmyarea.com/utilities?zipcode=03464
935,https://www.inmyarea.com/utilities?zipcode=03465
936,https://www.inmyarea.com/utilities?zipcode=03466
937,https://www.inmyarea.com/utilities?zipcode=03467
938,https://www.inmyarea.com/utilities?zipcode=03468
939,https://www.inmyarea.com/utilities?zipcode=03469
940,https://www.inmyarea.com/utilities?zipcode=03470
941,https://www.inmyarea.com/utilities?zipcode=03561
942,https://www.inmyarea.com/utilities?zipcode=03570
943,https://www.inmyarea.com/utilities?zipcode=03574
944,https://www.inmyarea.com/utilities?zipcode=03575
945,https://www.inmyarea.com/utilities?zipcode=03576
946,https://www.inmyarea.com/utilities?zipcode=03579
947,https://www.inmyarea.com/utilities?zipcode=03580
948,https://www.inmyarea.com/utilities?zipcode=03581
949,https://www.inmyarea.com/utilities?zipcode=03582
950,https://www.inmyarea.com/utilities?zipcode=03583
951,https://www.inmyarea.com/utilities?zipcode=03584
952,https://www.inmyarea.com/utilities?zipcode=03585
953,https://www.inmyarea.com/utilities?zipcode=03586
954,https://www.inmyarea.com/utilities?zipcode=03588
955,https://www.inmyarea.com/utilities?zipcode=03589
956,https://www.inmyarea.com/utilities?zipcode=03590
957,https://www.inmyarea.com/utilities?zipcode=03592
958,https://www.inmyarea.com/utilities?zipcode=03593
959,https://www.inmyarea.com/utilities?zipcode=03595
960,https://www.inmyarea.com/utilities?zipcode=03597
961,https://www.inmyarea.com/utilities?zipcode=03598
962,https://www.inmyarea.com/utilities?zipcode=03601
963,https://www.inmyarea.com/utilities?zipcode=03602
964,https://www.inmyarea.com/utilities?zipcode=03603
965,https://www.inmyarea.com/utilities?zipcode=03604
966,https://www.inmyarea.com/utilities?zipcode=03605
967,https://www.inmyarea.com/utilities?zipcode=03607
968,https://www.inmyarea.com/utilities?zipcode=03608
969,https://www.inmyarea.com/utilities?zipcode=03609
970,https://www.inmyarea.com/utilities?zipcode=03740
971,https://www.inmyarea.com/utilities?zipcode=03741
972,https://www.inmyarea.com/utilities?zipcode=03743
973,https://www.inmyarea.com/utilities?zipcode=03745
974,https://www.inmyarea.com/utilities?zipcode=03746
975,https://www.inmyarea.com/utilities?zipcode=03748
976,https://www.inmyarea.com/utilities?zipcode=03749
977,https://www.inmyarea.com/utilities?zipcode=03750
978,https://www.inmyarea.com/utilities?zipcode=03751
979,https://www.inmyarea.com/utilities?zipcode=03752
980,https://www.inmyarea.com/utilities?zipcode=03753
981,https://www.inmyarea.com/utilities?zipcode=03754
982,https://www.inmyarea.com/utilities?zipcode=03755
983,https://www.inmyarea.com/utilities?zipcode=03756
984,https://www.inmyarea.com/utilities?zipcode=03765
985,https://www.inmyarea.com/utilities?zipcode=03766
986,https://www.inmyarea.com/utilities?zipcode=03768
987,https://www.inmyarea.com/utilities?zipcode=03769
988,https://www.inmyarea.com/utilities?zipcode=03770
989,https://www.inmyarea.com/utilities?zipcode=03771
990,https://www.inmyarea.com/utilities?zipcode=03773
991,https://www.inmyarea.com/utilities?zipcode=03774
992,https://www.inmyarea.com/utilities?zipcode=03777
993,https://www.inmyarea.com/utilities?zipcode=03779
994,https://www.inmyarea.com/utilities?zipcode=03780
995,https://www.inmyarea.com/utilities?zipcode=03781
996,https://www.inmyarea.com/utilities?zipcode=03782
997,https://www.inmyarea.com/utilities?zipcode=03784
998,https://www.inmyarea.com/utilities?zipcode=03785
